Workbook

Sheet 00_Index
B2: 00_Index ― 目次・ファイル概要
D4: このファイルの目的：施設別の月次売上を、元データから集計してKPIを出力する実績集計ブック（入力→計算→出力→検証を分離）。
D5: 更新日 / 前提の要約
D7: 項目 | E7: 内容 | F7: 更新日
D8: 対象期間 | E8: 2026年7月〜8月 | F8: 2026-07-20
D9: 消費税率 | E9: 10%（税抜集計） | F9: 2026-07-20
D10: 対象施設 | E10: 西伊豆・熱海（Masterシート参照） | F10: 2026-07-20
D14: シート構成
D16: シート | E16: 役割 | F16: 区分
D17: 00_Index | E17: 目次・目的・更新日・前提の要約 | F17: 案内
D18: 01_Assumption | E18: 前提条件・置き値（青字入力を集約） | F18: 入力
D19: 02_RawData | E19: 加工前の元データ（触らない） | F19: 元データ
D20: 03_Master | E20: 施設・OTAなどのマスタ | F20: マスタ
D21: 04_Calculation | E21: 集計・計算ロジック | F21: 計算
D22: 05_Output | E22: 結果表・KPI | F22: 出力
D23: 06_Check | E23: エラーチェック・整合性確認 | F23: 検証

Sheet 01_Assumption
B2: 01_Assumption ― 前提条件（青字が入力）
D5: 前提・置き値
D7: 項目 | E7: 値 | F7: 単位
D8: 消費税率 | E8: 0.1
D9: 集計対象月・開始 | E9: 7 | F9: 月
D10: 集計対象月・終了 | E10: 8 | F10: 月
D11: 目標稼働率 | E11: 0.7

Sheet 02_RawData
B2: 02_RawData ― 元データ（加工しない）
D4: このシートは元データ。数式や加工を入れず、そのまま保持する。
D5: 元データ（予約明細）
D7: 予約ID | E7: 施設 | F7: 月 | G7: 客室タイプ | H7: 泊数 | I7: 売上税抜(円)
D8: R001 | E8: 西伊豆 | F8: 7 | G8: スイート | H8: 2 | I8: 160000
D9: R002 | E9: 西伊豆 | F9: 7 | G9: スタンダード | H9: 3 | I9: 108000
D10: R003 | E10: 熱海 | F10: 7 | G10: スタンダード | H10: 2 | I10: 72000
D11: R004 | E11: 西伊豆 | F11: 8 | G11: スイート | H11: 2 | I11: 180000
D12: R005 | E12: 熱海 | F12: 8 | G12: スイート | H12: 1 | I12: 95000
D13: R006 | E13: 西伊豆 | F13: 7 | G13: スタンダード | H13: 1 | I13: 36000
D14: R007 | E14: 熱海 | F14: 8 | G14: スタンダード | H14: 4 | I14: 152000
D15: R008 | E15: 西伊豆 | F15: 8 | G15: スタンダード | H15: 2 | I15: 74000
D16: R009 | E16: 熱海 | F16: 7 | G16: スイート | H16: 1 | I16: 92000
D17: R010 | E17: 西伊豆 | F17: 8 | G17: スイート | H17: 3 | I17: 270000

Sheet 03_Master
B2: 03_Master ― マスタ
D5: 施設マスタ
D7: 施設 | E7: 客室数(室) | F7: エリア
D8: 西伊豆 | E8: 20 | F8: 静岡
D9: 熱海 | E9: 15 | F9: 静岡

Sheet 04_Calculation
B2: 04_Calculation ― 集計（RawData/Masterを参照）
D5: 施設別 売上集計
D7: 施設 | E7: 売上計(円) | F7: 売上構成% | G7: 客室数(室) | H7: 1室売上(円)
D8: 西伊豆 | E8: =SUMIFS('02_RawData'!$I$8:$I$17,'02_RawData'!$E$8:$E$17,D8) | F8: =E8/$E$10 | G8: =SUMIFS('03_Master'!$E$8:$E$9,'03_Master'!$D$8:$D$9,D8) | H8: =E8/G8
D9: 熱海 | E9: =SUMIFS('02_RawData'!$I$8:$I$17,'02_RawData'!$E$8:$E$17,D9) | F9: =E9/$E$10 | G9: =SUMIFS('03_Master'!$E$8:$E$9,'03_Master'!$D$8:$D$9,D9) | H9: =E9/G9
D10: 合計 | E10: =SUM(E8:E9) | F10: =E10/$E$10 | G10: =SUM(G8:G9)

Sheet 05_Output
B2: 05_Output ― KPI（Calculationを参照）
D5: 主要KPI
D7: KPI | E7: 値
D8: 総売上(円) | E8: ='04_Calculation'!E10
D10: 西伊豆 構成比 | E10: ='04_Calculation'!F8
D11: 熱海 構成比 | E11: ='04_Calculation'!F9

Sheet 06_Check
B2: 06_Check ― 整合性チェック
D4: 判定がすべてOKなら、集計は元データと整合。1つでも要確認なら原因を追う。
D5: チェック項目
D7: チェック項目 | E7: 値A | F7: 値B | H7: 判定
D8: 元データ件数 = 集計対象件数 | E8: =COUNTA('02_RawData'!$D$8:$D$17) | F8: 10 | G8: =F8-E8 | H8: =IF(G8<0.0001,"OK","要確認")
D9: 施設別売上合計 = 総売上 | E9: ='04_Calculation'!E8+'04_Calculation'!E9 | F9: ='04_Calculation'!E10 | G9: =F9-E9 | H9: =IF(G9<0.0001,"OK","要確認")
D10: 構成比合計 = 100% | E10: ='05_Output'!E10+'05_Output'!E11 | F10: 1 | G10: =F10-E10 | H10: =IF(G10<0.0001,"OK","要確認")
